"0","# Find all 3-mers in these two sequences
my_seq1 = ""ATCATCATG""
my_seq2 = ""CAGCCCAATCAGGCTCTACTGCCACTAAACTTACGCAGGATATATTTACGCCGACGTACT""

def count(string):
    Dict = {}
    for i in range(len(string)-2):
        mer = string[i:i+3]
        if(mer in Dict):
            Dict[mer] = Dict[mer] + 1
        else:
            Dict[mer] = 1
    print(Dict)

count(my_seq1)
count(my_seq2)
"
"1","{'ATG': 1, 'CAT': 2, 'ATC': 2, 'TCA': 2}
{'CTT': 1, 'AAA': 1, 'ATC': 1, 'AAC': 1, 'ATA': 2, 'AGG': 2, 'CTC': 1, 'AGC': 1, 'AAT': 1, 'ATT': 1, 'CTG': 1, 'CTA': 2, 'ACT': 4, 'CAC': 1, 'ACG': 3, 'CAA': 1, 'CCA': 2, 'CCG': 1, 'CCC': 1, 'TAT': 2, 'CGA': 1, 'CAG': 3, 'TCT': 1, 'GAT': 1, 'TTT': 1, 'TGC': 1, 'GGA': 1, 'TAA': 1, 'GGC': 1, 'TAC': 4, 'TTA': 2, 'GAC': 1, 'CGT': 1, 'TCA': 1, 'GCA': 1, 'GTA': 1, 'GCC': 3, 'GCT': 1, 'CGC': 2}
"
